x_data,y_data,y_fit,component_1,component_2,component_3,component_4
849.226,0.021116507248833988,0.013141522105476993,0.009856129125875312,0.011962730927186086,0.010715007178141637,0.00969617389895051
847.999,0.021712414691543884,0.013163793523289304,0.009856902219434555,0.0119760615726358,0.010723174661866161,0.009696174094029342
846.772,0.021406033300382595,0.013186285752611177,0.009857680918020643,0.011989509900786325,0.010731439627941194,0.009696174330539572
845.545,0.021099605981865416,0.013209001785165153,0.009858465275817815,0.012003077297712822,0.010739803619317702,0.009696174616993368
844.318,0.020930179965976646,0.01323194466636957,0.009859255347665064,0.012016765169909236,0.010748268209882096,0.009696174963589727
843.091,0.020760753950087873,0.013255117496867773,0.009860051189065619,0.01203057494464946,0.010756835005293505,0.009696175382535744
841.864,0.020978036270817006,0.013278523434163225,0.009860852856196606,0.012044508070355939,0.010765505643860808,0.009696175888426424
840.637,0.02119527266419025,0.0133021656943745,0.009861660405918866,0.01205856601697593,0.010774281797463063,0.009696176498693193
839.41,0.02073581539583805,0.013326047554126155,0.009862473895786934,0.012072750276365538,0.010783165172517319,0.009696177234132918
838.184,0.02027635812748585,0.013350152591146075,0.0098632927137213,0.012087050645927567,0.010792150137432921,0.009696178118740843
836.957,0.018962881676305866,0.013374523530105502,0.00986411825440939,0.012101491989965704,0.010801253126961462,0.009696179183445501
835.73,0.017649405225125883,0.013399144280012092,0.009864949912122552,0.012116064256475772,0.010810468673413365,0.009696180462676954
834.503,0.016239251689791425,0.013424018381789034,0.009865787747292814,0.012130769028933416,0.010819798632122044,0.009696181998117314
833.276,0.015602514827692775,0.013449149449106274,0.009866631821098428,0.012145607914766945,0.01082924489868691,0.009696183839230545
832.049,0.016029271818649257,0.0134745411715851,0.009867482195474939,0.012160582545792335,0.010838809410342123,0.00969618604465226
830.822,0.017229445482841547,0.013500197318341386,0.009868338933126422,0.012175694578657451,0.010848494147418482,0.009696188683815587
829.595,0.019394415112275205,0.013526121741915543,0.009869202097536936,0.012190945695295724,0.010858301134908465,0.009696191838850971
828.368,0.02155933881435297,0.013552318382644198,0.009870071752982153,0.012206337603389484,0.010868232444145674,0.009696195606803444
827.141,0.02338591568556802,0.013578791273536416,0.009870947964541207,0.012221872036843212,0.010878290194611248,0.0096962001022173
825.915,0.025212492556783064,0.013605522626614647,0.009871830075888686,0.012237537918942965,0.010888468201073274,0.009696205455386278
824.688,0.026418728631953214,0.013632560281754684,0.009872719592708449,0.01225336259236116,0.010898785287376015,0.009696211833985613
823.461,0.027624918779767468,0.013659886896435183,0.009873615865766381,0.012269335153580939,0.010909235480633987,0.00969621942113043
822.234,0.02818661034233718,0.013687506935832164,0.009874518963477394,0.012285457446311513,0.010919821114003513,0.009696228436716296
821.007,0.028748301904906893,0.013715424992619005,0.009875428955122258,0.012301731343007445,0.010930544580277698,0.009696239138888162
819.78,0.02855269729615919,0.013743645796770051,0.009876345910860737,0.012318158745406657,0.010941408334815191,0.009696251830364022
818.553,0.028357092687411486,0.013772174226629862,0.009877269901744984,0.01233474158508023,0.010952414898736563,0.00969626686574464
817.326,0.02816144215130789,0.01380101532142225,0.009878200999733144,0.012351481823994228,0.010963566862418676,0.009696284659952757
816.099,0.027965837542560188,0.013830174295395778,0.009879139277703222,0.012368381455083859,0.010974866889320837,0.009696305697964414
814.873,0.028600048400084732,0.013859632392768466,0.009880084035888938,0.012385428531876751,0.0109863083256375,0.009696330524041832
813.646,0.029234213330253382,0.013889443279679212,0.009881036890203648,0.012402652918870747,0.010997912656698652,0.009696359838582719
812.419,0.029868424187777923,0.013919588904666401,0.00988199714873367,0.012420042866878148,0.011009673521501473,0.009696394392229664
811.192,0.030502635045302467,0.01395007536442813,0.00988296488817926,0.012437600498683088,0.011021593922060586,0.00969643508018175
809.965,0.030587233234857118,0.013980909034761969,0.009883940186233633,0.01245532797110561,0.011033676959046163,0.00969648294305312
808.738,0.030671831424411773,0.014012096600290853,0.009884923121598383,0.012473227475656736,0.011045925838551456,0.009696539189160832
807.511,0.030756429613966425,0.014043645088092608,0.009885913773999184,0.012491301239208287,0.011058343879559136,0.009696605220002555
806.284,0.03084102780352108,0.014075561905730513,0.009886912224201775,0.012509551524677753,0.011070934522183662,0.00969668265934388
805.057,0.030764466901247674,0.014107854884239785,0.009887918554028235,0.012527980631728677,0.011083701336774872,0.009696773386384555
803.831,0.030687951926330167,0.014140505535807492,0.009888932016464663,0.012546575655792624,0.011096637408192174,0.009696879480034587
802.604,0.030611391024056765,0.01417357594783445,0.009889954348721298,0.012565369305021683,0.011109767698693682,0.009697003620074342
801.377,0.030534876049139254,0.014207049064415195,0.00989098481250357,0.012584348900559832,0.011123085756269184,0.009697148619759163
800.15,0.029882294249257566,0.014240934962032702,0.00989202349402681,0.012603516896349679,0.011136595783818178,0.009697317812514589
798.923,0.02922971244937588,0.01427524445405805,0.009893070480648655,0.012622875786827704,0.011150302176543779,0.009697515034714468
797.696,0.028577130649494194,0.01430998917912106,0.009894125860887181,0.012642428107726313,0.011164209538563782,0.00969774469662034
796.469,0.027924548849612506,0.01434518170047151,0.009895189724439413,0.012662176436894431,0.01117832270127476,0.009698011862539461
795.242,0.02743308021420298,0.01438083561759132,0.009896262162200154,0.012682123395137121,0.011192646743650735,0.009698322341279866
794.015,0.02694165750614935,0.014416965691443996,0.009897343266281165,0.012702271647074728,0.011207187014675001,0.009698682788089656
792.789,0.026450188870739823,0.014453557932800131,0.009898432238203983,0.012722607231209819,0.011221937035100785,0.009699100452962099
791.562,0.025958720235330298,0.014490689544804196,0.009899530948971707,0.012743166074434924,0.011236926828695572,0.009699584717378548
790.335,0.026324301988237486,0.014528350039040858,0.009900638609815387,0.01276393447470085,0.011252150773655227,0.009700145205545949
789.108,0.026689883741144674,0.014566560402476841,0.009901755317912717,0.012784915280850656,0.011267615573674434,0.009700793254715588
787.881,0.02705541956669597,0.014605343672791779,0.009902881171759801,0.012806111390149323,0.011283328354903178,0.00970154178065603
786.654,0.027421001319603157,0.014644725182889489,0.009904016271192603,0.012827525749271556,0.01129929670647978,0.009702405480622105
785.427,0.02762542398068229,0.01468473283315349,0.009905160717408809,0.01284916135531307,0.011315528725187879,0.009703401059920288
784.2,0.027829892569117314,0.014725397394226623,0.00990631461299011,0.012871021256826029,0.011332033064627763,0.009704547484459276
782.973,0.028034315230196446,0.014766752843320498,0.009907478061924897,0.012893108554879306,0.011348818989324414,0.009705866261868437
781.746,0.02823873789127558,0.014808836737297972,0.009908651169631402,0.012915426404144205,0.011365896434228836,0.009707381753970087
780.52,0.028070551913995916,0.014851655374600845,0.009909833074938782,0.012937959538474802,0.01138326177967464,0.009709120006189174
779.293,0.02790236593671625,0.014895324573220708,0.00991102581418935,0.012960747979653213,0.011400954824358085,0.009711114979696615
778.066,0.02773417995943659,0.014939860679097305,0.009912228537193306,0.012983776766195216,0.011418973892728963,0.009713400507656376
776.839,0.02756603990951282,0.014985320156970433,0.009913441355327374,0.013007049278526053,0.01143733232155973,0.00971601622623383
775.612,0.027881239353005537,0.015031765599196395,0.009914664381520635,0.013030568956508691,0.011456044515011423,0.009719006770832202
774.385,0.028196438796498254,0.015079266402138379,0.009915897730280471,0.013054339300697927,0.011475126048257135,0.009722422347579399
773.158,0.02851163823999097,0.015127899509518787,0.00991714151771903,0.013078363873625418,0.011494593780832368,0.009726319362018523
771.931,0.02882688361083958,0.015177750228205812,0.009918395861580186,0.013102646301116391,0.011514465980521048,0.009730761109664744
770.704,0.028056727779872163,0.015228913122206915,0.009919660881267042,0.013127190273639022,0.011534762458640338,0.009735818533337067
769.478,0.02728657194890475,0.015281449530927955,0.009920935653655307,0.013151979219175453,0.01155548762507625,0.009741566057697498
768.251,0.02651641611793733,0.015335561178105335,0.009922222381030566,0.01317705739777511,0.011576698627062964,0.00974810179691325
767.024,0.025746260286969917,0.01539133436781277,0.009923520152577185,0.013202408591470313,0.011598404124620362,0.009755520523821464
765.797,0.025032503249038936,0.015448911403495472,0.009924829094619734,0.013228036763422353,0.01162063171555823,0.009763932854571708
764.57,0.024318700283752062,0.01550844971014508,0.009926149335287836,0.013253945948703941,0.011643411422721201,0.009773462028108656
763.343,0.023604943245821082,0.015570123334781145,0.00992748100454711,0.013280140255864822,0.01166677591907568,0.00978424517997009
762.116,0.022891186207890102,0.015634124573333907,0.009928824234230704,0.01330662386853712,0.011690760771924286,0.009796434723318353
760.889,0.022807873984300446,0.015700665731720728,0.009930179158071489,0.013333401047081648,0.011715404707612861,0.009810199843631285
759.662,0.0227245158333549,0.015769981029046486,0.00993154591173488,0.013360476130276255,0.011740749898163578,0.00982572811354833
758.436,0.023543538370992323,0.01584226837799085,0.009932923504289738,0.013387831100261165,0.011766820688651751,0.009843212109464752
757.209,0.024362514981273852,0.01591792986176976,0.009934314322568232,0.013415515079544978,0.011793709591741437,0.009862909892591667
755.982,0.02541921158565684,0.015997220686214453,0.0099357173894828,0.013443510464085082,0.011821450120758,0.009885061736565125
754.755,0.026475862262683933,0.016080484852570822,0.00993713284876904,0.01347182192402667,0.011850101585185744,0.009909947519265922
753.528,0.027339158771402076,0.016168100201919004,0.00993856084626942,0.013500454217048291,0.011879728556854215,0.00993787560642363
752.301,0.02820250120747611,0.016260481338782377,0.009940001529970306,0.013529412190330097,0.011910401322020467,0.009969185321138064
751.074,0.02865088998305813,0.016358082751619797,0.009941455050039754,0.013558700782573686,0.011942196367294121,0.010004249576388792
749.847,0.02909927875864015,0.016461402137027185,0.009942921558866067,0.013588325026075102,0.011975196901355834,0.010043477675406734
748.62,0.028903168948977626,0.016570983933940405,0.00994440121109716,0.013618290048852622,0.01200949341447171,0.010087318284195465
747.393,0.028707013211959207,0.01668742307347923,0.009945894163680729,0.013648601076830903,0.012045184277852342,0.01013626257979181
746.167,0.028100037276479133,0.016811264689466327,0.009947399342661414,0.01367923830186945,0.012082345431426623,0.010190800638185395
744.94,0.027493015413643167,0.016943418352428286,0.009948919365030201,0.01371025712792372,0.012121153515217151,0.01025160736893377
743.713,0.026692639382498246,0.017084557277733003,0.009950453172672796,0.013741638242562162,0.012161704876939192,0.010319280010235408
742.486,0.025892263351353327,0.017235520269389914,0.00995200093215264,0.013773387286277434,0.012204136266730708,0.010394514808905684
741.259,0.024757536169308366,0.017397218738597002,0.00995356281254666,0.013805510009295339,0.012248595983505209,0.010478068957926353
740.032,0.0236228549146193,0.01757064181229895,0.00995513898549073,0.013838012274135364,0.012295244758020768,0.010570764819328641
738.805,0.022488127732574338,0.017756861667023005,0.009956729625226118,0.013870900058240872,0.012344256690761314,0.010673494317471255
737.578,0.021353400550529377,0.0179570390832222,0.009958334908646891,0.013904179456681123,0.012395820246727644,0.010787223495843098
736.351,0.020258951659602457,0.01817242921330265,0.00995995501534832,0.013937856684927367,0.012450139309183254,0.010912997228520266
735.125,0.019164548696031427,0.01840419137396043,0.00996158878890663,0.013971910139196735,0.012507386324096464,0.011051825146437154
733.898,0.017876745636795557,0.018654164613237156,0.009963239079551753,0.014006401832086077,0.01256789263711379,0.01120515008916209
732.671,0.016588942577559683,0.01892374160234743,0.009964904748815997,0.014041310747100574,0.012631869861004529,0.011374175270102885
731.444,0.015646099888435103,0.019214616466471615,0.009966585987602231,0.014076643610535372,0.012699595318666825,0.01156031057434374
730.217,0.01470321127195463,0.019528609337305016,0.00996828298977253,0.014112407284160428,0.012771367968707327,0.011765070119341286
728.99,0.014404867168074592,0.019867673122066262,0.009969995952203155,0.014148608768492594,0.01284750985044618,0.011990077575600888
727.763,0.014106523064194555,0.020233900365882906,0.009971725074840733,0.014185255206159762,0.01292836759904564,0.012237071510513325
726.536,0.014295605988405471,0.02062953017796807,0.00997347056075964,0.01422235388536013,0.013014314031624022,0.012507910724900834
725.309,0.014484688912616388,0.02105695518846079,0.009975232616220644,0.014259912243419583,0.013105749804950058,0.012804579548547065
724.083,0.01448041766851835,0.02151833744381864,0.00997700999409859,0.014297906687372235,0.013203023267523218,0.01312891651950115
722.856,0.014476146424420315,0.02201714816686713,0.009978805806536758,0.014336406939703283,0.013306754373503288,0.013483700071800353
721.629,0.013871650566158454,0.022555919902238403,0.009980618826845965,0.014375390108240335,0.013417361065649232,0.013871068926179425
720.402,0.013267154707896595,0.02313772802929361,0.009982449274642263,0.014414864264335012,0.013535373341650878,0.014293560173342011
719.175,0.012856013017943688,0.02376583526813491,0.00998429737304113,0.01445483764783781,0.013661358397512653,0.014753860874419874
717.948,0.01244487132799078,0.02444369791587407,0.009986163348724288,0.014495318671315236,0.013795922708173768,0.015254812212337331
716.721,0.012742710230955995,0.025174971776465806,0.009988047432008013,0.014536315924389965,0.013939714173646863,0.015799413271097518
715.494,0.01304054913392121,0.025963517720889777,0.009989949856912973,0.014577838178208031,0.014093424327920136,0.01639082438252519
714.267,0.013338388036886426,0.026813406810965938,0.009991870861235626,0.014619894390037398,0.014257790607284417,0.01703236997708505
713.041,0.01363622693985164,0.027728150844083442,0.009993809097941784,0.014662458766075616,0.014433450509188216,0.01772695149555438
711.814,0.01368835448879004,0.028713743628948914,0.009995767974318715,0.014705610079927843,0.014621526265337595,0.018479358334041317
710.587,0.013740482037728438,0.029774193147211324,0.009997746166690684,0.014749323380514094,0.014822768609063772,0.01929287401561933
709.36,0.01417927199592885,0.03091445103750458,0.009999743928700615,0.01479360841819001,0.015038122258674761,0.02017149545661575
708.133,0.014618107881485154,0.03213969564991976,0.010001761518149037,0.014838475154551684,0.015268589903269668,0.021119388098625926
706.906,0.015278497331868628,0.03345533298570547,0.010003799197075731,0.014883933767920667,0.015515234720070315,0.02214088432531531
705.679,0.015938886782252103,0.03486699665803538,0.010005857231843258,0.014929994658994878,0.015779182908359227,0.023240480883514568
704.452,0.016405922064326624,0.036380546790273,0.010007935893222391,0.014976668456671165,0.016061626230718953,0.024422835234337043
703.225,0.016872957346401145,0.038002067768232825,0.010010035456479525,0.015023966024045432,0.016363824551381967,0.02569276076100245
701.998,0.017698501568575355,0.039737864763676016,0.010012156201466104,0.015071898464596532,0.01668710836059429,0.027055220761695642
700.772,0.018524045790749562,0.041592894834148963,0.010014296657998181,0.015120437270896087,0.017032589916535182,0.028514090013396068
699.545,0.019994134525524208,0.04357691047047203,0.010016460606947967,0.015169673220915425,0.017402310973094057,0.030076984694191136
698.318,0.02146417733294296,0.04569538173681094,0.010018646605375691,0.01521957885180111,0.017797556218309023,0.03174811908600167
697.091,0.023703641133634844,0.04795543466100595,0.010020854952405393,0.015270166294087374,0.018219963103420098,0.03353296933576964
695.864,0.025943104934326725,0.05036437750034214,0.010023085952225385,0.015321447952595015,0.018671251662086413,0.035437110958111875
694.637,0.029165506005837658,0.05292968829203468,0.01002533991419096,0.015373436513861671,0.019153226665365244,0.03746620422329336
693.41,0.03316127782322851,0.05565900068125802,0.010027617152929519,0.015426144953806448,0.01966777965870887,0.039625977940489734
692.183,0.03763216813733102,0.058560087978764434,0.010029917988448196,0.015479586545637398,0.020216890862391347,0.04192221160696405
690.956,0.042103058451433535,0.06164084540852765,0.010032242746244029,0.015533774868010535,0.020802630915899387,0.044360715903050255
689.73,0.04608881810523974,0.06490652816279427,0.010034589833016094,0.015588678716748426,0.02142663705503222,0.046945141582674085
688.503,0.04884445945881151,0.06837053652010261,0.01003696341420409,0.015644401862967443,0.02209218164868148,0.04968550861892615
687.276,0.05114082725345465,0.072038420278049,0.010039361927959763,0.01570091438194961,0.022801122243025586,0.052585540749790605
686.049,0.05343719504809779,0.075918347738185,0.010041785722890285,0.015758231160810175,0.02355590467268518,0.05565094520647591
684.822,0.05665210996059819,0.08001849254573752,0.010044235153684399,0.015816367437005874,0.024359070835392287,0.058887338144331516
683.595,0.06032629843202721,0.08434700483308753,0.010046710581239467,0.01587533880820837,0.025213259048447297,0.06230021541986896
682.368,0.06537830758024211,0.08891198058656603,0.010049212372791612,0.015935161242501508,0.026121204092661533,0.06589492190328793
681.141,0.0699710431695284,0.09372142929516432,0.010051740902049041,0.015995851088914555,0.027085736919426347,0.06967661940945093
679.914,0.07548232587667193,0.09878323995510906,0.010054296549328628,0.01605742508830398,0.02810978399634427,0.07365025334580874
678.688,0.08099360858381546,0.10410070022643687,0.010056877585131643,0.01611984909577217,0.029195454405781966,0.07781703816442764
677.461,0.08742343840881625,0.10969001947772349,0.010059488613644049,0.01618324249145788,0.030347631041153726,0.08218817635614438
676.234,0.09477181535167431,0.1155542762413027,0.010062127941868225,0.01624757271314404,0.031568659295816,0.08676443531515098
675.007,0.10257946585346098,0.12170050842097502,0.010064795977984134,0.016312858184894106,0.03286183299802591,0.09154954028474742
673.78,0.11130566347310492,0.12813544252677558,0.010067493137515437,0.016379117782705562,0.034230531943666445,0.0965468186875647
672.553,0.12049113465167746,0.13486545226443028,0.010070219843487669,0.016446370847779185,0.03567821856315151,0.10175916203468849
671.326,0.1292173322713214,0.1418965164467166,0.01007297652659038,0.016514637200241405,0.03720843406081639,0.107188987683745
670.099,0.13840280344989395,0.14923417642737388,0.01007576362534336,0.016583937153337495,0.03882479400583229,0.1128382006675373
668.872,0.14712900106953788,0.15688349327234133,0.010078581586267043,0.01665429152811397,0.04053098335491689,0.11870815582771999
667.646,0.15493665157132455,0.16484238317519498,0.010081428529031232,0.01672566300942054,0.04232924495432861,0.12479456570709117
666.419,0.16274430207311125,0.17312779929388006,0.010084309560646968,0.0167981898947461,0.04422631617755641,0.13110750268560714
665.192,0.17009267901596928,0.18173674390930877,0.010087222843380358,0.0168718368477526,0.04622462616928508,0.13764157707356728
663.965,0.17744105595882734,0.190671932167649,0.010090168857539581,0.016946626877516045,0.04832807566254846,0.14439557979472148
662.738,0.18570798001954264,0.1999353892540399,0.01009314809235265,0.01702258358235137,0.05054060079632787,0.15136757580768456
661.511,0.19443417763918655,0.2095284111529278,0.010096161046165664,0.017099731167863643,0.052866164409701606,0.15855487355387346
660.284,0.20453819593561637,0.2194515269473717,0.010099208226646193,0.017178094465642044,0.055308746681229766,0.16595399659853025
659.057,0.21602003490883206,0.22970446293867097,0.010102290150991915,0.01725769895262273,0.05787233511103846,0.17356065774869442
657.83,0.22887969455883364,0.24028610886788218,0.010105407346144712,0.017338570771147716,0.0605609138461236,0.1813697359291427
656.603,0.24265790132669246,0.25119448651886245,0.010108560349010339,0.017420736749748304,0.06337845235265031,0.18937525609213005
655.377,0.2564361080945513,0.26241743585623273,0.010111747092417368,0.01750415583679922,0.06632643366922987,0.1975636182824628
654.15,0.27067358842133876,0.2739694706530375,0.01011497333210128,0.01758899236245022,0.06941356781877016,0.2059404561643924
652.923,0.2849110687481262,0.2858368265230356,0.010118237051815292,0.017675207846279573,0.07264135604423161,0.2144905446053857
651.696,0.2991485490749137,0.29801379735783023,0.010121538830626256,0.01776283208432832,0.07601358313984766,0.22320436232770458
650.469,0.31430457651955845,0.3104936971979533,0.010124879258753005,0.017851895674682552,0.07953395317850478,0.2320714881106895
649.242,0.3303791510820604,0.32326884858985755,0.010128258937823268,0.01794243004327873,0.08320607454866577,0.2410806040847663
648.015,0.34737227276241966,0.3363305750294438,0.010131678481137487,0.01803446747067327,0.08703344446905856,0.2502195036332511
646.788,0.36528394156063615,0.3496691976712462,0.010135138513939712,0.018128041119817265,0.09101943301617547,0.25947510404599033
645.561,0.38273633679992397,0.36327403645942696,0.010138639673695816,0.01822318506487914,0.09516726670391212,0.26883346404161645
644.335,0.40064800559814046,0.37712202020286134,0.010142179705711176,0.018319854807585485,0.0994764288466732,0.278272075867568
643.108,0.4176411272784997,0.39122308764094765,0.01014576504723481,0.018418244010001153,0.10395683574727274,0.2877907618611155
641.881,0.43463424895885894,0.40555241549845306,0.010149393503781062,0.01851831147248382,0.1086077338687943,0.2973654956780704
640.654,0.45116809708028954,0.4200954234077998,0.010153065764628289,0.01862009522401735,0.11343160411221238,0.30697917733161834
639.427,0.46724267164279154,0.4348366053716691,0.010156782532785203,0.01872363436625815,0.11843069668769923,0.3166140108096031
638.2,0.4810208784106504,0.4497595591834338,0.01016054452531792,0.018828969109667873,0.12360701307182224,0.3262515515013023
636.973,0.4993918207677955,0.4648470205731659,0.01016435247368606,0.01893614081105795,0.12896228790982459,0.33587275840327385
635.746,0.5131700275356543,0.4800809019949502,0.010168207124088172,0.019045192012608684,0.13449797093461435,0.3454580509483155
634.519,0.5269482343035131,0.4954423359375034,0.010172109237816815,0.019156166482428606,0.1402152089773955,0.354987370264539
633.293,0.540726441071372,0.5108990766233344,0.010176056352245623,0.019269016394910937,0.1461099455668923,0.3644325773339621
632.066,0.5545046478392308,0.5264560727877893,0.010180055698427785,0.01938397216066184,0.15219228454298744,0.3737882794103887
630.839,0.5682828546070897,0.5420798539601944,0.010184104885413936,0.019500990245301213,0.1584576247983449,0.3830256530558108
629.612,0.5866537969642348,0.5577489507719815,0.010188204738613189,0.019620119758371836,0.16490572658920175,0.3921234187104712
628.385,0.6004320037320936,0.5734413917818204,0.010192356100459222,0.019741411263743073,0.17153596152648773,0.4010601819158069
627.158,0.6142102104999525,0.5891347696043958,0.01019655983082995,0.01986491683098624,0.1783472968549071,0.409814515112349
625.931,0.6325811528570976,0.6048063098374943,0.010200816807479198,0.019990690088852337,0.18533828041307462,0.4183650415527646
624.704,0.6463593596249564,0.6204329424283009,0.010205127926480782,0.02011878628094981,0.19250702636338696,0.4266905208821598
623.477,0.6601375663928153,0.6359913750977036,0.010209494102685403,0.02024926232372476,0.19985120177999469,0.4347699359159753
622.25,0.6739157731606741,0.6514581684220998,0.010213916270190773,0.020382176866851606,0.2073680141824405,0.44258258012729346
621.024,0.6831012443392467,0.6667973538945853,0.010218391708917845,0.020517478960442974,0.215047867910849,0.45010213433905194
619.797,0.6968794511071055,0.6820104666565764,0.010222928693132856,0.0206554515901256,0.222899549239248,0.45732105615874646
618.57,0.7060649222856781,0.6970615248019675,0.010227524590513425,0.020796049657880882,0.23091262775549784,0.46421384182275177
617.343,0.7198431290535369,0.7119272692837356,0.010232180417109188,0.020939339400847273,0.23908237039218203,0.47076189809827357
616.116,0.7290286002321095,0.7265846791293844,0.01023689721078126,0.02108538913162472,0.24740353932373887,0.476947372487916
614.889,0.7428068069999683,0.741011047364041,0.01024167603176145,0.021234269315728,0.2558703868971485,0.4827532341440795
613.662,0.7519922781785409,0.7551840555122674,0.010246517963228147,0.02138605265238193,0.264476652052502,0.4881633518688319
612.435,0.7657704849463997,0.7690818462412531,0.010251424111899395,0.02154081415882168,0.27321555829502553,0.493162568700183
611.208,0.7749559561249724,0.7826830937195423,0.010256395608643774,0.02169863125826975,0.28207981327459575,0.49773677260270943
609.982,0.7841414273035449,0.7959563795658481,0.010261429475763062,0.021859451397163804,0.2910542442586962,0.5018697734589016
608.755,0.7887341628928312,0.8089033071855867,0.0102665351053762,0.022023619382468308,0.30014517863640783,0.5055564930860108
607.528,0.7979196340714038,0.8214935793473471,0.010271709625965283,0.022191090534600437,0.30933651788245015,0.5087827803290078
606.301,0.8071051052499763,0.8337086395036527,0.01027695427146525,0.02236195285826713,0.31861893619593123,0.5115393152026657
605.074,0.8116978408392626,0.845530766440988,0.010282270303304338,0.02253629726580883,0.3279826154523404,0.5138181024442109
603.847,0.8208833120178352,0.8569431230779708,0.010287659011135326,0.022714217691405483,0.33741725525081645,0.5156125101492901
602.62,0.8300687831964076,0.8679298006083938,0.01029312171358935,0.022895811210457244,0.34691208478028285,0.5169173019287409
601.393,0.834661518785694,0.8784758577738202,0.010298659759053086,0.023081178164403825,0.35645587650709626,0.5177286623679436
600.166,0.8438469899642665,0.8885673550887933,0.010304274526470165,0.023270422291261857,0.36603696168021643,0.5180442156155214
598.94,0.853032461142839,0.8981837339636388,0.010309962754275606,0.02346349172949954,0.37563541166304293,0.5178633868414974
597.713,0.8622179323214116,0.9073288353213976,0.010315735163366993,0.02366081230768509,0.3852543957996282,0.5171864110753939
596.486,0.8714034034999841,0.9159838413170841,0.010321588621763586,0.02386234295460924,0.39487321252951946,0.5160152162358684
595.259,0.8805888746785567,0.9241390560673514,0.010327524639138106,0.024068202421700116,0.4044786194353946,0.514353228595795
594.032,0.8897743458571293,0.9317858775661273,0.010333544760121311,0.024278513606214656,0.4140570370915599,0.512205301132908
592.805,0.9035525526249881,0.9389168002504038,0.010339650565268227,0.02449340372289637,0.4235945750670202,0.5095776899198955
591.578,0.9127380238035607,0.9455254124660954,0.010345843672055509,0.024713004483806526,0.4330770595693632,0.5064780237655467
590.351,0.9265162305714195,0.95160638900178,0.010352125735911127,0.024937452286765874,0.4424900626906517,0.5029152673131279
589.124,0.9402944373392784,0.9571554789005229,0.010358498451277622,0.025166888412868932,0.45181893321524946,0.4988996778458033
587.898,0.9540726441071372,0.9621656209241342,0.010364958245583453,0.02540126592783934,0.4610413509812456,0.49444656479414223
586.671,0.9632581152857098,0.9666428326675534,0.010371517431408399,0.02564111875045586,0.47015737159200405,0.48956134391836154
585.444,0.9770363220535686,0.9705816637899646,0.010378172595823642,0.025886415030417588,0.47914430912937805,0.48426128605902174
584.217,0.9862217932321412,0.9739819528278968,0.010384925600644869,0.026137317751465404,0.48798695709401485,0.47856127140644816
582.99,0.9908145288214274,0.9768444909189119,0.010391778352569239,0.026393995922259154,0.49667006169197603,0.4724771739767839
581.763,0.9954072644107137,0.9791709878144482,0.010398732804470064,0.026656624839681953,0.5051783611588511,0.46602578803612166
580.536,1.0,0.9809640356338822,0.010405790956735883,0.026925386365321637,0.5134966263581459,0.4592247509783554
579.309,1.0,0.9822270708085936,0.010412954858655933,0.027200469215864935,0.5216097026071339,0.4520924631516154
578.082,1.0,0.9829643346732472,0.010420226609854094,0.027482069268184924,0.5295025526776954,0.44464800514218933
576.855,0.9954072644107137,0.9831808331631079,0.010427608361773559,0.027770389879949287,0.5371603009112921,0.43691105303476946
575.629,0.9954072644107137,0.9828827473865753,0.010435096165374318,0.028065398715856615,0.5445623465330326,0.4289084249969884
574.402,0.9954072644107137,0.9820759993530552,0.010442704493864278,0.028367796225357032,0.5517063582362489,0.4206476594222615
573.175,0.9908145288214274,0.9807676783286072,0.01045042960207018,0.0286775725204875,0.5585720781462759,0.41215611708445027
571.948,0.9908145288214274,0.9789654427865689,0.010458273864615456,0.028994964423057067,0.5651457371337378,0.40345498638983524
570.721,0.9908145288214274,0.9766775161241125,0.01046623971621867,0.029320218103893902,0.5714139617388319,0.39456561558984454
569.494,0.9862217932321412,0.9739126497540168,0.010474329653541717,0.029653589517025306,0.5773638227796629,0.38550942682846345
568.267,0.9862217932321412,0.970680087909964,0.010482546237111074,0.029995344856789924,0.5829828841092848,0.3763078317314547
567.04,0.9816290576428549,0.966989534360344,0.010490892093316677,0.03034576103921944,0.588259251260986,0.3669821489914984
565.813,0.9816290576428549,0.9628511211631453,0.010499369916493443,0.030705126209110166,0.5931816196827984,0.3575535243794199
564.587,0.9770363220535686,0.95827928387118,0.010507975396271477,0.031073436005640456,0.5977357589513353,0.3480506325426092
563.36,0.9724435864642823,0.9532774601382629,0.010516725405826353,0.03145160327718652,0.6019191214330877,0.33847852904683884
562.133,0.967850850874996,0.9478604524893784,0.010525615892801448,0.03183965656118219,0.6057185870952636,0.3288651119648078
560.906,0.9632581152857098,0.942039835252566,0.010534649845927979,0.03223793454556014,0.6091256719760714,0.31923009790968304
559.679,0.9586653796964235,0.9358274855667955,0.010543830333749882,0.032646790123445,0.6121327040071156,0.30959268012716157
558.452,0.9494799085178509,0.929235563607563,0.01055316050734618,0.033066591089559866,0.6147328605917646,0.29997147044356887
557.225,0.9448871729285646,0.9222764940866797,0.010562643603193145,0.03349772087509376,0.6169202028447127,0.2903844457883566
555.998,0.9357017017499921,0.9149629487491097,0.010572282946179156,0.033940579323339895,0.6186897060472517,0.2808488994570155
554.771,0.9265162305714195,0.9073078295809066,0.010582081952786758,0.03439558350855798,0.6200372859009307,0.27138139724330773
553.545,0.917330759392847,0.8993308891671462,0.010592035947909088,0.03486278227630143,0.6209592420547363,0.26200534791287594
552.318,0.9081452882142744,0.8910324189866912,0.010602164777189643,0.0353433916403493,0.6214549362406862,0.2527204453531426
551.091,0.8989598170357018,0.8824322882926562,0.010612464100729248,0.035837509847965035,0.6215222892510844,0.24354854411755406
549.864,0.885181610267843,0.8735441568313814,0.010622937737093281,0.036345632027519434,0.6211611442256622,0.23450296186578307
548.637,0.8759961390892704,0.8643818323448708,0.010633589615522038,0.03686827537719933,0.6203723419429392,0.2255961444338867
547.41,0.8622179323214116,0.8549592531592128,0.010644423780554893,0.03740598030389115,0.619157716229725,0.2168396518697183
546.183,0.8484397255535527,0.8452904702493548,0.01065544439699788,0.03795931162726652,0.6175200839951315,0.20824414925463552
544.956,0.8392542543749802,0.8353896288031372,0.0106666557552756,0.03852885985301543,0.6154632300448458,0.19981940217467684
543.729,0.8254760476071213,0.825270949359475,0.010678062277213886,0.039115242519406415,0.6129918869088317,0.19157427667869956
542.503,0.8116978408392626,0.814957200226612,0.010689658980676938,0.03971860617688029,0.6101142220624796,0.18352323203125176
541.276,0.7979196340714038,0.8044458602287025,0.010701469484330553,0.040340610592586514,0.6068320853911714,0.17566021378529062
540.049,0.7841414273035449,0.793759592053506,0.010713489266957164,0.040981478329461966,0.603155067304834,0.1679980761769294
538.822,0.770363220535686,0.7829127254537963,0.010725723344302497,0.04164195012062362,0.5990914008221848,0.16054217019136185
537.595,0.7611777493571134,0.7719195701670429,0.010738176901001824,0.04232280172686404,0.5946501033960473,0.1532970071678063
536.368,0.7473995425892546,0.7607943979783337,0.010750855300342236,0.04302484582518082,0.5898409347502844,0.14626628112720277
535.141,0.7336213358213958,0.7495514256239111,0.01076376409501257,0.04374893400723348,0.5846743526129826,0.139452893933359
533.914,0.7244358646428232,0.7382047987028914,0.010776909038967414,0.044495958894098304,0.5791614667868127,0.13285898300768942
532.687,0.7152503934642506,0.7267685767368074,0.01079029610054779,0.04526685637398808,0.5733139919727296,0.12648595131421853
531.461,0.7014721866963918,0.715266128632037,0.010803920261406698,0.046061949039829096,0.5671493558890415,0.12033942246643636
530.234,0.6922867155178192,0.7036925284848039,0.010817810184774415,0.046883562886302334,0.5606702730327892,0.1144094014056146
529.007,0.6785085087499604,0.6920708540911065,0.010831961565100887,0.047732140060978215,0.5538948810856124,0.10870039040409156
527.78,0.6693230375713878,0.6804146973711869,0.010846381390424549,0.048608814561547656,0.54683683003843,0.10321119040546133
526.553,0.655544830803529,0.6687375092595138,0.010861076953965553,0.049514776936438916,0.5395101324237629,0.09794004197002303
525.326,0.6417666240356701,0.6570525927314278,0.010876055878930969,0.050451277415493316,0.5319291154453818,0.09288466301629819
524.099,0.6279884172678113,0.6453730970517689,0.010891326146199747,0.051419629217435314,0.5241083737795017,0.08804228693330868
522.872,0.6142102104999525,0.6337120131544033,0.010906896125238907,0.05242121204245387,0.516062723185578,0.08340970082580909
521.645,0.6004320037320936,0.6220821700496131,0.010922774608641118,0.05345747575817637,0.5078071550401808,0.07898328366729128
520.418,0.5866537969642348,0.6104962321493995,0.010938970850716151,0.054529944287171915,0.49935679188700993,0.07475904414917811
519.192,0.5728755901963759,0.5989760675999792,0.010955481007704947,0.05563929898892963,0.4907339464347715,0.07073586019324966
517.965,0.5590973834285171,0.5875152053108281,0.010972342317911188,0.05678903293861856,0.481939797648546,0.06690255143042881
516.738,0.5499119122499445,0.5761352287145635,0.010989552367976075,0.05798002837793285,0.47299656832843295,0.0632575986648981
515.511,0.540726441071372,0.5648481317220948,0.011007122743305526,0.05921414854188666,0.46391948399686467,0.05979589546471452
514.284,0.5315409698927994,0.5536657402590757,0.011025065763284818,0.06049335343108728,0.4547236966759706,0.056512143413409426
513.057,0.5223554987142269,0.5425997129265117,0.011043394556101841,0.061819705049078834,0.445424247808385,0.05340088453762243
511.83,0.5131700275356543,0.5316615419383233,0.011062123142150727,0.06319537287769818,0.43603603256478396,0.050456532378366954
510.603,0.508577291946368,0.520862554288502,0.011081266526925012,0.0646226395888887,0.4265737655785727,0.04767340161879211
509.376,0.4993918207677955,0.5102139131128055,0.011100840804387162,0.06610390698821897,0.41705194814828583,0.045045736196590025
508.15,0.4947990851785092,0.4997350976756393,0.011120846766207067,0.06764042515617784,0.40749264873353575,0.04256969604439521
506.923,0.49020634958922293,0.48941984653773923,0.011141335663647455,0.06923735756852391,0.397894245980729,0.04023542634951546
505.696,0.4810208784106504,0.4792874555876259,0.011162311463325655,0.07089627124248492,0.3882782005470952,0.03803919135939664
504.469,0.4764281428213641,0.4693484495088932,0.011183795894101088,0.07262010805173161,0.3786578634719368,0.03597520111580025
503.242,0.46724267164279154,0.45961319829741915,0.011205812487571961,0.07441196169203255,0.3690462319232967,0.034037711219194494
502.015,0.46264993605350524,0.4500919195348558,0.011228386769794069,0.07627508461987738,0.3594559260429234,0.03222104112693747
500.788,0.4571386533463617,0.44079468079828565,0.011251546472828187,0.07821289501457006,0.34989916752460065,0.03051959081096331
499.561,0.45162737063921815,0.43173140218920536,0.011275321767824956,0.0802289836903645,0.34038775995377385,0.028927855801918596
498.334,0.4470346350499319,0.42291185895125816,0.011299745521449335,0.082327120867372,0.33093307093179686,0.02744044065531647
497.108,0.441982625901717,0.4143525597768353,0.011324832825568464,0.08450944649170702,0.3215536360086527,0.026053163475583695
495.881,0.4369306167535021,0.4060490287739455,0.011350663707508568,0.08678366593360014,0.3122445966385415,0.02475862151897186
494.654,0.43141933404635857,0.39801770845749224,0.011377260739419906,0.08915238039861609,0.3030236031386786,0.023552983205454202
493.427,0.4249895042213578,0.3902678204349065,0.01140467066565657,0.09162013795577661,0.29390013701881057,0.02243139381933929
492.2,0.41718185371957106,0.3828084531884365,0.011432944627085318,0.09419169290403792,0.28488318162217163,0.02138915305981813
490.973,0.4075371089820699,0.3756485631392037,0.011462138600038117,0.0968720082889156,0.2759812151190528,0.020421720155873756
489.746,0.3965145435677828,0.36879697472837625,0.011492313873390711,0.0996662567836568,0.26720220527775135,0.019524717818253927
488.519,0.38411415747670985,0.36226237915426696,0.011523537566070748,0.10257981952684145,0.25855360598458504,0.01869393510144625
487.292,0.37217304494456555,0.35605333132508155,0.011555883187299413,0.10561828243494574,0.25004235547778136,0.017925329249731642
486.065,0.36023193241242124,0.3501782444968047,0.011589431241848108,0.1087874294243157,0.2416748762534318,0.017215026601885654
484.839,0.34920936699813415,0.34464974967196577,0.011624240938123242,0.11209048036815965,0.23346371162516738,0.016559835765192037
483.612,0.33956462226063294,0.3394669239941354,0.011660465495576363,0.11553896317174539,0.22540086025751013,0.015955154093980087
482.385,0.33129769819991767,0.33464234033896945,0.011698182658095718,0.11913653581881008,0.2174979725130057,0.01539816837373449
481.158,0.3244085948159882,0.33018372094548476,0.011737507933416668,0.12288961902581262,0.2097594390141006,0.014885673996831376
479.931,0.3188973121088447,0.32609855842709295,0.011778567600364704,0.12680472406694027,0.20218915735554854,0.014414628428916002
478.704,0.31476385007848706,0.32239407873196296,0.011821499627138462,0.13088840930627885,0.19479054083285507,0.013982147990367143
477.477,0.31154893516598664,0.3190771944720121,0.011866454647354162,0.13514722626727246,0.18756652839376567,0.013585504188296349
476.25,0.30971184093027215,0.3161544469123125,0.011913596994735983,0.13958765355004207,0.18051959573185206,0.013222119660358897
475.023,0.3087932938124149,0.3136319347251382,0.011963105796957479,0.1442160167256573,0.17365176743860403,0.012889563788595905
473.797,0.3078747466945576,0.3115167859224637,0.012015132592256667,0.14903438136950978,0.16697000620318186,0.012585784782191913
472.57,0.307415473135629,0.3098104832153312,0.012069974335139863,0.15405631680177964,0.16046457395250188,0.012308137150586384
471.343,0.3060376524588431,0.30851909756123935,0.01212782030731149,0.15928318720658,0.1541417483704222,0.012054860701602256
470.116,0.30511910534098585,0.30764590501335004,0.012188920908557159,0.1647195504226078,0.14800188961921268,0.011824063087648974
468.889,0.30420055822312864,0.30719310683096496,0.012253547671639728,0.17036912420317227,0.14204498034354135,0.011613973637288194
467.662,0.3037412846642,0.30716163110790007,0.012321994692850193,0.17623457507382417,0.13627064233955669,0.011422938026345569
466.435,0.30420055822312864,0.3075509051709528,0.012394580109524059,0.18231727748392923,0.13067815366926955,0.011249412932906473
465.208,0.30511910534098585,0.3083585971420417,0.012471647619753898,0.18861704170478027,0.1252664661346578,0.011091960707526268
463.981,0.3060376524588431,0.309580325779132,0.012553568038572051,0.19513180965064703,0.12003422302780742,0.010949244086782087
462.755,0.307415473135629,0.3112078476505841,0.012640667585232121,0.20185175343541267,0.114983824538706,0.010820121115909886
461.528,0.3078747466945576,0.3132343502821092,0.01273351787093666,0.20878100811401465,0.11010511347607063,0.01070322984576385
460.301,0.3083340202534863,0.3156460975411012,0.012832511781791945,0.21590438347188262,0.10540010747895161,0.010597613833151555
459.074,0.30971184093027215,0.3184270162216243,0.012938144604646476,0.2232087083153643,0.10086639621377039,0.01050228611251968
457.847,0.31154893516598664,0.32155712244758644,0.013050946794918653,0.23067700861508272,0.0965013509610258,0.010416335101235788
456.62,0.31476385007848706,0.3250121108546291,0.0131714855703509,0.23828808189577746,0.09230214241332858,0.01033891999984873
455.393,0.31935658566777336,0.32876295999248195,0.013300366469634423,0.246016087949628,0.08826575824422514,0.010269266353670934
454.166,0.3248678683749169,0.3327755742770903,0.013438234860683958,0.25383017626783205,0.08438902039017133,0.010206661783079583
452.939,0.33083842464098906,0.33701048720131666,0.013585777382042839,0.2616941749637566,0.08066860199214193,0.010150451888051875
451.712,0.3368089809070612,0.3414226546708027,0.013743723299612615,0.2695663701175336,0.07710104394760352,0.010100036330729546
450.486,0.34323881073206197,0.3459576351408166,0.013912703155928689,0.2773930539789875,0.0736854971136886,0.010054899916888342
449.259,0.35058718767492003,0.35056657215935294,0.014093810192840305,0.28513409844140347,0.07041271645555616,0.010014466094229603
448.032,0.3574762910588494,0.3551841957650086,0.014287775353054328,0.29272483833807317,0.06728178723860474,0.00997831385995292
446.805,0.3643653944427789,0.35974405410066096,0.014495509555191124,0.3001021623603257,0.06428887768060275,0.009946023529217864
445.578,0.3712544978267083,0.3641755972643998,0.014717971150346277,0.3071988333062107,0.061430099235544974,0.009917212596974373
444.351,0.37768432765170906,0.3684051827673177,0.014956166331025896,0.3139444825561915,0.05870152001350933,0.00989153289126758
443.124,0.38273633679992397,0.37235735066788195,0.01521114929957727,0.32026687491193695,0.05609917758541346,0.009868667895630857
441.897,0.38732907238921027,0.3759563535240647,0.015484022170667312,0.3260934289853145,0.05361909115691779,0.009848330235841632
440.67,0.39008471374278203,0.37912790579451705,0.015775934582046392,0.33135295781182655,0.05125727309951634,0.009830259325804317
439.444,0.3919218079784966,0.38179913798874376,0.016087820014650273,0.3359740794202091,0.04901152610646717,0.00981423147209379
438.217,0.3928403550963538,0.3839089067086564,0.01642142861224071,0.33990176990427917,0.04687422001660046,0.009800007200212605
436.99,0.3914625344195679,0.38539662427707805,0.016777800925794437,0.34307664772414914,0.04484328712904732,0.009787407522763716
435.763,0.38916616662492476,0.3862133106234244,0.01715826602453767,0.34545249051048904,0.04291481468411478,0.009776258428959402
434.536,0.3859512517124244,0.38632083742033163,0.017564193286193824,0.34699382913043086,0.04108493092194999,0.009766403106433539
433.309,0.38181778968206675,0.3856932301118107,0.017996989729118125,0.3476772462945115,0.03934981269827218,0.009757700414585466
432.082,0.37768432765170906,0.3843175497758513,0.018458096884390894,0.34749225597701333,0.03770569246578256,0.009750023473341073
430.855,0.3735508656213514,0.3821942940014098,0.018948987189076515,0.34644170284278114,0.03614886463334655,0.00974325836088214
429.628,0.3694174035909938,0.3793372886379252,0.019471159884163623,0.34454165354728955,0.03467569131715546,0.009737302913993192
428.402,0.3648246680017075,0.37577626124061664,0.02002567032665256,0.34182332911541835,0.03328371119962592,0.009732069623596342
427.175,0.3616097530892071,0.3715435668296681,0.020614960546455844,0.33832248888501454,0.03196716828385522,0.009727468139019061
425.948,0.3579355646177781,0.36669020874337976,0.02124014171772981,0.3340913322387903,0.03072382395994354,0.009723429851592713
424.721,0.35517992326420633,0.3612730215594894,0.02190276895037429,0.3291885251134956,0.02955035705212803,0.009719889468168041
423.494,0.3524242819106346,0.3553553641442239,0.02260439585253448,0.32367916418781756,0.028443534344259024,0.009716788784289412
422.267,0.34875009343920554,0.34900511929085554,0.023346567283984106,0.31763278198160966,0.02740021307392717,0.009714075976011179
421.04,0.34415735784991924,0.3422927241156034,0.024130811592284064,0.3111213836330833,0.02641734296002423,0.009711704954888403
419.813,0.33818680158384706,0.33528932012430135,0.0249586323456853,0.304217604234235,0.025491967787645398,0.009709634781412183
418.586,0.33083842464098906,0.3280650924866528,0.025831499581766372,0.2969930562225155,0.024621226574640047,0.009707829132407416
417.359,0.32303077413920234,0.32068784639943304,0.026750840595974636,0.28951691466561896,0.02380235434435772,0.00970625581815828
416.133,0.31522312363741567,0.3132279512488476,0.02771722220071795,0.2818610702070349,0.023033290480336817,0.00970488738543452
414.906,0.3078747466945576,0.30573303407595015,0.028733532501041076,0.27407411417387856,0.02231021000017122,0.009703696425535866
413.679,0.3005263697516996,0.2982639329905784,0.029800242674800706,0.26621826353425554,0.02163128392208688,0.009702661884111867
412.452,0.2940965399266988,0.29086998249963664,0.030918508947038806,0.25834409651681167,0.02099413192596009,0.009701764134502635
411.225,0.28766671010169803,0.28359489263818444,0.032089393066890196,0.2504965641988307,0.020396468513133252,0.0097009858840068
409.998,0.28123688027669724,0.2764767481771743,0.03331385113811105,0.24271500222149586,0.01983610192840246,0.009700311913841488
408.771,0.27480705045169646,0.2695481500106704,0.03459272230411518,0.23503328502970983,0.019310932855753082,0.009699728845768849
407.544,0.2688364941856243,0.2628364649563402,0.03592671735122351,0.22748008878695122,0.018818952909893362,0.009699224932948673
406.317,0.2624066643606235,0.25636415301491977,0.03731640729742657,0.2200792319244866,0.018358242944919678,0.009698789872763448
405.091,0.2559768345356227,0.250154101393719,0.038761010782635955,0.21285588353384644,0.01792731117870589,0.00969841492320725
403.864,0.24954700471062188,0.24420997833999317,0.040263141857461375,0.2058135545235659,0.017523709404105692,0.009698091579536765
402.637,0.24265790132669246,0.2385470556712082,0.04182172944342601,0.19896989428521064,0.017146137700620033,0.009697813266628096
401.41,0.23576879794276306,0.23317213148192992,0.04343667374366991,0.1923333888604442,0.016793013945947694,0.009697573956544678
400.183,0.22979824167669088,0.22808909542760136,0.04510768045677886,0.18590973085395152,0.016462834749219054,0.009697368392328497
398.956,0.22382768541061873,0.2232992984424625,0.046834250811576994,0.17970220159692668,0.01615417306408494,0.009697191994550419
397.729,0.21785712914454655,0.21880189445299772,0.04861567210204709,0.1737120248527907,0.015865675744367865,0.009697040778468629
396.502,0.21234584643740304,0.2145941515107172,0.050451008792143204,0.16793868940607776,0.015596061056484669,0.009696911280688128
395.275,0.20729383728918813,0.21067173143724136,0.052339094256592784,0.16238023954910974,0.01534411616189839,0.009696800494316983
394.049,0.20270110169990185,0.20703179511525416,0.0542769221181916,0.15703780611898022,0.015108880019805229,0.00969670588295369
392.822,0.19902691322847282,0.20366157463262274,0.056266004084620555,0.1518985776038509,0.014888886934055805,0.009696625034772047
391.595,0.19581199831597243,0.20055636904325239,0.05830287827057325,0.14696213978749134,0.014683313931520784,0.009696556078343571
390.368,0.19351563052132928,0.19770761122455452,0.060385386069940344,0.1422230485115197,0.0144911983437295,0.009696497324041497
389.141,0.1916785362856148,0.1951060910912106,0.06251110798830081,0.13767542105363917,0.014311633760863276,0.009696447313083889
387.914,0.1903007156088289,0.19274207573074387,0.064677360284314,0.13331306212261293,0.014143767561105566,0.009696404787387924
386.687,0.18892289493204303,0.19060541091720384,0.06688119254872762,0.12912957025257896,0.013986798477417774,0.009696368663156058
385.46,0.18800434781418576,0.1886856063086616,0.0691193862385103,0.12511842687904012,0.013839974208026393,0.009696338007761337
384.233,0.18662652713739988,0.18697190648684273,0.07138845417891243,0.1212730702368976,0.013702589076164031,0.00969631201954525
383.007,0.18478943290168537,0.18545451099619492,0.0736827596917047,0.11758989714738287,0.01357408315511694,0.00969629002666699
381.78,0.1834116122248995,0.18411983275277494,0.07600202635358225,0.11405642603324406,0.013453627987375698,0.009696271403249496
380.553,0.18157451798918497,0.18295795028014694,0.07834010729447621,0.11066935378103121,0.013340752566404553,0.009696255662911523
379.326,0.1801966973123991,0.18195754092978406,0.08069245575094733,0.10742244640745276,0.01323491542332179,0.009696242372738773
378.099,0.17881887663561322,0.18110722308847058,0.08305426873503759,0.10430963131556144,0.013135610899903253,0.00969623116264489
376.872,0.17790032951775595,0.1803955778510586,0.08542049263720725,0.10132501533878807,0.013042367183141338,0.009696221716598511
375.645,0.17790032951775595,0.17981116689035576,0.0877858299730538,0.09846289776683446,0.012954744410122109,0.00969621376502196
374.418,0.17744105595882734,0.1793425474491156,0.09014474735992091,0.09571777919151031,0.01287233284414778,0.009696207078213141
373.191,0.17790032951775595,0.17897828529319557,0.09249148484002581,0.09308436689456485,0.012794751122621644,0.009696201460659836
371.965,0.17835960307668458,0.17870715276864113,0.09481817797312252,0.0905595946432466,0.012721702427302826,0.00969619674964577
370.738,0.17790032951775595,0.178517332605333,0.0971224476653562,0.08813447294525355,0.012652738223008938,0.00969619279639091
369.511,0.17744105595882734,0.1783977421822678,0.09939602029034587,0.08580643761516166,0.01258761381614517,0.00969618948529169
368.284,0.17652250884097007,0.17833709606502568,0.10163235605046475,0.08357102708913748,0.012526045235273871,0.009696186714826126
367.057,0.17560396172311282,0.1783241769658522,0.10382476210736098,0.0814239802903275,0.012467769193790564,0.009696184399049707
365.83,0.1751446881641842,0.1783478512579166,0.10596641458675737,0.07936123147001967,0.01241254176053251,0.009696182465283627
364.603,0.17468541460525555,0.17839708711300883,0.1080503838088867,0.07737890437956028,0.012360137097105029,0.009696180852133397
363.376,0.17468541460525555,0.1784609758163784,0.11006966311374602,0.07547330595918779,0.012310346260328581,0.009696179507792588
362.149,0.17468541460525555,0.17852875675962462,0.11201720163005298,0.07364091969758557,0.012262976068070202,0.009696178388592429
360.922,0.17468541460525555,0.17858984653572105,0.1138859412875851,0.07187839878844339,0.01221784802660606,0.009696177457763052
359.696,0.17422614104632694,0.17863384628596757,0.115667442054714,0.0701839149709844,0.01217483159999538,0.009696176684950347
358.469,0.17422614104632694,0.1786507106849981,0.11735767130320385,0.06855167774907572,0.012133704614471481,0.009696176042923612
357.242,0.17422614104632694,0.17863056291125598,0.11894832720406283,0.06698021652738584,0.012094362693923787,0.009696175510560076
356.015,0.17468541460525555,0.1785639089566042,0.12043278246268725,0.0654667939248048,0.012056676524217779,0.009696175069570946
354.788,0.17606323528204146,0.17844164440309684,0.12180465376724971,0.06400880798635186,0.012020526969532905,0.009696174704638912
353.561,0.17790032951775595,0.17825510863732769,0.12305786323782947,0.06260378569533834,0.0119858043258874,0.009696174402949053
352.334,0.17973742375347046,0.1779961412747964,0.12418670183959792,0.06124937668454403,0.011952407621539617,0.009696174153791436
351.107,0.18157451798918497,0.17765713953634762,0.12518589348743828,0.059943347163246376,0.011920243962114642,0.009696173948224876
349.88,0.18295233866597085,0.17723111508483308,0.12605065834090234,0.05868357407148825,0.011889227918326297,0.00969617377879277
348.654,0.18433015934275676,0.17671221150499972,0.1267762393058547,0.05746901263888498,0.011859304945550445,0.009696173639386182
347.427,0.185248706460614,0.17609398621033645,0.12736021301688533,0.05629576459317164,0.011830354100344734,0.009696173524611327
346.2,0.185248706460614,0.17537198788908057,0.12779898488308186,0.05516301470282064,0.011802333897559405,0.009696173430295232
344.973,0.18478943290168537,0.1745421826006006,0.12809031583346936,0.05406902901842647,0.011775183420512684,0.009696173352868627
343.746,0.18387088578382813,0.173601366412875,0.12823270678998366,0.05301215863474649,0.011748846723450765,0.009696173289370624
342.519,0.1820337915481136,0.17254718331959457,0.12822542142526416,0.05199083524940208,0.011723272432257254,0.009696173237347614
341.292,0.17927815019454185,0.1713781319578862,0.12806849747140814,0.05100356694233091,0.01169841337405522,0.009696173194768511
340.065,0.17652250884097007,0.1700935606765669,0.1277627461383738,0.05004893416894057,0.011674226233975293,0.00969617315995376
338.838,0.17330759392846967,0.1686936509684552,0.12730973966484052,0.049125585959345734,0.011650671237429555,0.009696173131515964
337.612,0.1705519525748979,0.16718066999350278,0.12671233306106797,0.04823295251390172,0.011627730334882314,0.009696173108327327
336.385,0.16779631122132616,0.16555390244290807,0.12597256177794242,0.04736835402931395,0.011605332570921369,0.009696173089406875
335.158,0.16458139630882576,0.16381701021702166,0.12509452561386988,0.046531364488963604,0.01158346606486645,0.0096961730739983
333.931,0.16320357563203985,0.16197313363597973,0.12408250411081563,0.04572087300850258,0.01156210247987582,0.009696173061462279
332.704,0.16136648139632534,0.16002601897495944,0.12294132810514337,0.04493582108303856,0.011541215760180586,0.009696173051273477
331.477,0.15998866071953946,0.15797995440677,0.12167631860203743,0.04417519985106947,0.011520781935339026,0.00969617304300067
330.25,0.15861084004275358,0.15583970378984796,0.12029322333043714,0.04343804750751219,0.011500778940284936,0.009696173036290256
329.023,0.15631447224811046,0.15361043995752108,0.1187981526431235,0.04272344685817245,0.01148118645004913,0.009696173030852597
327.796,0.15447737801239594,0.15129767898082233,0.11719751624269083,0.04203052300826118,0.01146198572809622,0.009696173026450684
326.569,0.15172173665882416,0.14890721664526213,0.11549796198193168,0.04135844117783634,0.011443159487279888,0.009696173022890787
325.343,0.1489660953052524,0.14644710228539068,0.11370781352688393,0.04070692809146036,0.011424706671706164,0.009696173020016813
324.116,0.14621045395168064,0.14391949656436417,0.11183109934838502,0.04007416079415468,0.011406582428805951,0.009696173017695113
322.889,0.14345481259810886,0.1413326667325,0.10987627208820784,0.039459952360957305,0.011388788292188297,0.009696173015823126
321.662,0.13978062412667985,0.1386929653612218,0.10785039086439706,0.03886360890541257,0.01137131160177349,0.009696173014315244
320.435,0.13610643565525082,0.13600676581047447,0.1057605038025042,0.03828446740941595,0.011354140610129015,0.00969617301310186
319.208,0.13151370006596455,0.13328042400286755,0.10361361144714662,0.03772189416691049,0.011337264401360587,0.00969617301212643
317.981,0.12692096447667825,0.13052024450753383,0.10141663439087187,0.0371752833128153,0.01132067281718015,0.009696173011343071
316.754,0.12278750244632061,0.1277324506224039,0.09917638481444142,0.036644055432358616,0.011304356389565857,0.009696173010714586
315.527,0.11865404041596296,0.12492315809774533,0.09689954158649272,0.036127656246247974,0.011288306279470337,0.00969617301021086
314.301,0.11497985194453393,0.12210065905414609,0.0945945191854223,0.035625958894991816,0.011272526988600708,0.009696173009807822
313.074,0.11130566347310492,0.11926617971559261,0.09226390307916761,0.035137637613961346,0.011256985037655086,0.009696173009485139
311.847,0.10855002211953314,0.11642768319588181,0.08991572178702895,0.03466262129016117,0.011241686134140963,0.009696173009227281
310.62,0.10533510720703275,0.11359065237533073,0.08755593055311592,0.03420044439214986,0.011226623445720058,0.009696173009021432
309.393,0.10303873941238961,0.1107603732109046,0.08519026774462617,0.033750660945186056,0.011211790536911665,0.009696173008857265
308.166,0.10074237161774646,0.1079419230911116,0.08282424418364831,0.03331284358870275,0.011197181334710631,0.009696173008726468
306.939,0.09844600382310333,0.10514016072650874,0.080463133961092,0.032886582684046296,0.011182790097424634,0.009696173008622364
305.712,0.09614963602846019,0.10235971742422928,0.0781119665843082,0.03247148546961585,0.011168611386442187,0.009696173008539588
304.485,0.0929347211159598,0.09960498963013718,0.07577552034496923,0.03206717526070452,0.011154640040666157,0.009696173008473833
303.259,0.0897198062034594,0.09688234015980836,0.07346019632634919,0.031673607555908645,0.01114088229380538,0.009696173008421693
302.032,0.08558634417310175,0.09419123395810579,0.07116647515766285,0.031289793784404094,0.011127311032335073,0.009696173008380318
300.805,0.08191215570167272,0.09153756334918338,0.06890024995667422,0.030915726308072503,0.011113933100765663,0.00969617300834755
299.578,0.07869724078917233,0.08892473378070237,0.06666525001377374,0.030551085545835695,0.011100744237447854,0.009696173008321625
298.351,0.07502305231774331,0.08635589530364056,0.06446493637757532,0.03019556457986817,0.011087740362572481,0.009696173008301135
297.124,0.07272668452310016,0.08383394159359359,0.062302501470626895,0.029848868575211476,0.01107491756414682,0.009696173008284953
295.897,0.07043031672845702,0.08136150998003422,0.06018086968196865,0.029510714229158866,0.01106227208531106,0.009696173008272189
294.67,0.06905249605167114,0.07894098247173915,0.05810269892653871,0.02918082924874915,0.01104980031286572,0.009696173008262131
293.443,0.06767467537488525,0.07657448776350341,0.05607038315822678,0.02885895185480647,0.0110374987668925,0.009696173008254212
292.217,0.06813394893381389,0.07426576409627061,0.054087652971432684,0.02854508322725076,0.011025373914015747,0.009696173008247988
290.99,0.06813394893381389,0.07201267609890366,0.05215315001356744,0.028238469365553714,0.011013402736215963,0.009696173008243094
289.763,0.06859322249274251,0.06981852039893947,0.050270137927556316,0.027939136430052816,0.011001592057767655,0.009696173008239252
288.536,0.06905249605167114,0.06768445150436403,0.0484399984631249,0.02764686021134058,0.010989938846338872,0.00969617300823624
287.309,0.06813394893381389,0.06561139445390124,0.04666387542244128,0.027361424883922444,0.010978440163980197,0.00969617300823388
286.082,0.06721540181595663,0.06360005207860499,0.04494268229219233,0.02708262264147649,0.010967093161380686,0.009696173008232034
284.855,0.06583758113917075,0.061650912973641274,0.04327711056743062,0.02681025335000664,0.010955895072649975,0.009696173008230589
283.628,0.0649190340213135,0.05976426011721603,0.041667638705165475,0.026544124217924216,0.010944843210573438,0.009696173008229461
282.401,0.06400048690345624,0.05794018006920229,0.040114541641208756,0.026284049482149012,0.01093393496229249,0.009696173008228582
281.174,0.0635412133445276,0.056178572678488935,0.03861790080019779,0.02602985010937292,0.010923167785366877,0.009696173008227896
279.948,0.06308193978559898,0.05448052102412409,0.03717876547093535,0.025781553758980252,0.010912547810657671,0.009696173008227362
278.721,0.06262266622667036,0.05284281261767943,0.03579451425394251,0.025538589077079524,0.010902055303106997,0.009696173008226946
277.494,0.061244845549884463,0.05126625984530356,0.03446590884340198,0.025301000388794136,0.010891696629557374,0.009696173008226623
276.267,0.06032629843202721,0.04975012046888418,0.03319236412518816,0.025068632863967884,0.010881469496178324,0.009696173008226372
275.04,0.05894847775524133,0.04829351908297365,0.031973156325583604,0.024841337109469914,0.010871371664370504,0.009696173008226177
273.813,0.05757065707845544,0.04689545830212774,0.030807434424150335,0.02461896894599943,0.0108614009484285,0.009696173008226026
272.586,0.05665210996059819,0.04555482993764307,0.029694231545426553,0.024401389195283278,0.010851555213383882,0.00969617300822591
271.359,0.05619283640166956,0.04427042609616158,0.02863247626247184,0.024188463477130086,0.010841832373010382,0.00969617300822582
270.132,0.055274289283812304,0.04304095013629405,0.027621003748934878,0.023980062015835128,0.010832230387974835,0.00969617300822575
268.906,0.054815015724883676,0.041865964377867326,0.026659331490581722,0.023776223958773865,0.010822754944962593,0.009696173008225697
267.679,0.05389646860702642,0.040742110915914245,0.025744572546506833,0.023576495748652337,0.010813388637205974,0.009696173008225655
266.452,0.05297792148916916,0.03966887038098132,0.024876150680925996,0.02338092838342009,0.010804137333086168,0.009696173008225624
265.225,0.05160010081238328,0.03864469590929903,0.02405263402392025,0.023189408737073237,0.010794999164756494,0.009696173008225598
263.998,0.050222280135597396,0.03766800261088302,0.02327254887891562,0.023001827444671507,0.01078597230374686,0.00969617300822558
262.771,0.04792591234095425,0.03673717658955708,0.022534388890593445,0.022818078755682418,0.010777054959732205,0.009696173008225565
261.544,0.04608881810523974,0.03585058350688023,0.021836623750122013,0.022638060393837083,0.010768245379372137,0.009696173008225555
260.317,0.04384379709448482,0.03500657666599143,0.021177707414051297,0.02246167342317595,0.010759541845215194,0.009696173008225546
259.09,0.04178886940977046,0.03420350459656503,0.020556085818374516,0.022288822119979776,0.010750942674661758,0.009696173008225539
257.864,0.04063627648628318,0.03344032506012805,0.019970667434416167,0.022119550539987022,0.010742453102175874,0.009696173008225534
256.637,0.03948368356279589,0.032714153852064005,0.01941894925946308,0.02195349294522928,0.01073405766382267,0.00969617300822553
255.41,0.03910450731254442,0.03202400379111961,0.018899886074028135,0.021790701991475536,0.010725761742066965,0.009696173008225527
254.183,0.038725376989648834,0.03136826978323855,0.01841195838634855,0.021631093629018213,0.010717563784322814,0.009696173008225525
252.956,0.038732909076015266,0.03074537207940358,0.017953669368622076,0.02147458645884562,0.010709462268386913,0.009696173008225523
251.729,0.03874048708973758,0.030153760737709263,0.01752354941815755,0.02132110163434147,0.010701455701661275,0.009696173008225522
250.502,0.038554665007795065,0.02959191958170436,0.017120160210599693,0.021170562767147898,0.0106935426204078,0.009696173008225522
249.275,0.03836884292585254,0.029058369668903815,0.01674209825932752,0.02102289583699497,0.010685721589032353,0.00969617300822552
248.048,0.037538522258665476,0.028551672286005705,0.01638799799775067,0.020878029105309857,0.010677991199396211,0.00969617300822552
246.822,0.036708201591478404,0.02807081370357916,0.016056795679010475,0.020736007779351886,0.010670356261667837,0.00969617300822552
245.595,0.03541057007808146,0.027613659318975775,0.015746669567371495,0.020596532801528827,0.010662802966526492,0.00969617300822552
244.368,0.03411298449204041,0.02717930700446828,0.015456661034680238,0.020459655738238654,0.010655336248000424,0.009696173008225518
243.141,0.03217085439339892,0.026766500107313365,0.015185578140618484,0.02032531318179451,0.010647954801351408,0.009696173008225518
241.914,0.030228724294757432,0.026374030799423957,0.014932275844557258,0.020193443625113355,0.010640657346204386,0.009696173008225518
240.687,0.028188906710131825,0.026000740684464597,0.01469565668034312,0.02006398739458344,0.010633442625989071,0.009696173008225518
239.46,0.026149089125506217,0.025645521092616218,0.014474671116021772,0.01993688658564649,0.010626309407398992,0.009696173008225518
238.233,0.02475377012612515,0.025307313088748624,0.014268317624361152,0.019812085000971546,0.010619256479866961,0.009696173008225518
237.006,0.02335849705409998,0.024985107219623725,0.014075642489914972,0.019689528091103584,0.010612282655056204,0.009696173008225518
235.779,0.02238616900249218,0.024677943025423855,0.013895739378032573,0.01956916289747601,0.010605386766366307,0.009696173008225518
234.553,0.02141384095088438,0.02438514164721381,0.01372788097594754,0.019451033492687023,0.010598573195030278,0.009696173008225518
233.326,0.020248158730967632,0.02410536124212965,0.01357098029223992,0.019334897264215757,0.010591829702125013,0.009696173008225518
232.099,0.019082476511050883,0.023838027836880757,0.013424410157236364,0.01922080292397815,0.010585160772117278,0.009696173008225518
230.872,0.018033587557169682,0.02358236816237156,0.01328744550848817,0.019108703349665242,0.010578565320669184,0.009696173008225518
229.645,0.016984744530644375,0.0233376528065197,0.013159403783166766,0.018998552756894625,0.010572042282909344,0.009696173008225518
228.418,0.01658040008936361,0.023103194803204136,0.013039643552280118,0.01889030665436009,0.010565590613014965,0.009696173008225518
227.191,0.016176055648082846,0.022878348140061493,0.012927563072001592,0.018783921800706066,0.010559209283804872,0.009696173008225518
225.964,0.01594494919322996,0.0226625062027374,0.012822598769792767,0.018679356163052583,0.010552897286343085,0.009696173008225518
224.737,0.015713796811021183,0.022455100171915238,0.01272422368171412,0.018576568877099596,0.010546653629552557,0.009696173008225518
223.511,0.015482690356168297,0.022255756901612272,0.012632018706094782,0.018475601865647763,0.010540482346320764,0.009696173008225518
222.284,0.01525158390131541,0.02206365337037433,0.012545375169346493,0.01837625180401385,0.01053437241346502,0.009696173008225518
221.057,0.014801679522988926,0.02187848999265364,0.0124639438906528,0.018278564166207323,0.010528327952244556,0.009696173008225518
219.83,0.01435172921730655,0.021699832629183846,0.012387328214540659,0.018182502391760866,0.010522348039333357,0.009696173008225518
218.603,0.013901824838980066,0.02152727669481066,0.012315160033017362,0.01808803091077038,0.010516431767473952,0.009696173008225518
217.376,0.013451920460653582,0.0213604455430857,0.01224709820222919,0.017995115112162244,0.010510578245145305,0.009696173008225518
216.149,0.012905338998172622,0.021198988882463396,0.012182826989546997,0.017903721313128656,0.010504786596238781,0.009696173008225518
214.922,0.012358757535691663,0.02104258123069644,0.012122054557722823,0.017813816729682748,0.010499055959741906,0.009696173008225518
213.695,0.011425467736592799,0.0208909204130134,0.012064511491747516,0.017725369448287204,0.010493385489429715,0.009696173008225518
212.469,0.010492177937493933,0.02074384432470429,0.012009992690611348,0.017638418747863833,0.010487778902680146,0.009696173008225518
211.242,0.009228532667457707,0.020600853338063076,0.0119581805677437,0.017552792550419208,0.010482226236351205,0.009696173008225518
210.015,0.007964933324777372,0.020461828424586194,0.011908910264822629,0.017468532892285497,0.010476731283929102,0.009696173008225518
208.788,0.007345832567341583,0.020326546626996806,0.011861988310696493,0.017385611077365883,0.010471293255385466,0.009696173008225518
207.561,0.006726731809905792,0.020194801576863042,0.011817237066466377,0.01730399915280502,0.010465911374042678,0.009696173008225518
206.334,0.00680852843075098,0.020066402324230924,0.011774493578175529,0.01722366988620007,0.010460584876306363,0.009696173008225518
205.107,0.0068903709789520625,0.019941172227301122,0.011733608488732415,0.01714459674361566,0.010455313011404085,0.009696173008225518
203.88,0.006585459263179346,0.019818947902003788,0.011694445008953858,0.01706675386837088,0.010450095041130085,0.009696173008225518
202.653,0.006280593474762523,0.019699578230896492,0.01165687794718389,0.016990116060567745,0.010444930239595892,0.009696173008225518
201.426,0.004785336548958589,0.019582923430437233,0.011620792796569723,0.01691465875733189,0.010439817892986657,0.009696173008225518
200.2,0.003290097994097012,0.019468946121694666,0.011586112631339697,0.016840418104003656,0.010434761402802351,0.009696173008225518
198.973,0.0017948456610286671,0.019357340761590576,0.011552685287233336,0.016767249660438112,0.010429751830370166,0.009696173008225518
197.746,0.0002996025134315012,0.019248090531704905,0.011520452220309249,0.016695191685791692,0.010424792642055002,0.009696173008225518
196.519,0.00014979666398016122,0.01914109276824961,0.011489333634169341,0.016624221980531206,0.0104198831700001,0.009696173008225518
195.292,0.0,0.01903625230099508,0.011459256667049611,0.016554318893111625,0.010415022757284877,0.009696173008225518
194.065,0.0007525289117757352,0.018933480836246817,0.01143015479104139,0.016485461303943908,0.010410210757712559,0.009696173008225518
192.838,0.00150506241628706,0.01883269638516212,0.011401967256107388,0.016417628609903177,0.01040544653560259,0.009696173008225518
191.611,0.0022495402625747766,0.018733822735101047,0.01137463857660771,0.016350800709356687,0.010400729465587682,0.009696173008225518
190.384,0.002994013516126904,0.01863678896168723,0.011348118058030996,0.01628495798769192,0.010396058932415353,0.009696173008225518
189.158,0.0033517784330611266,0.018541605910542526,0.011322380056425963,0.016220133789321665,0.010391438081245936,0.009696173008225518
187.931,0.0037095341645241708,0.018448056687288456,0.011297340229385652,0.016156203695567792,0.010386858778786048,0.009696173008225518
186.704,0.003728915508710959,0.01835616202521948,0.011272981078960015,0.0160932027360555,0.010382324226655006,0.009696173008225518
185.477,0.003748296852897747,0.018265868004277076,0.011249267064029445,0.01603111310854459,0.01037783384815408,0.009696173008225518
184.25,0.0037676781970845353,0.018177124083738935,0.011226165592084525,0.015969917432334262,0.010373387075771184,0.009696173008225518
183.023,0.0037871054686272163,0.018089882811087775,0.01120364674010941,0.015909598736422136,0.010368983351007268,0.009696173008225518
181.796,0.004353068275294965,0.018004099556311652,0.01118168300050942,0.015850140448046793,0.010364622124206475,0.009696173008225518
180.569,0.004919031081962713,0.017919732269737698,0.01116024905019888,0.015791526381599863,0.010360302854389995,0.009696173008225518
179.342,0.0054849938886304605,0.01783674126159269,0.011139321541056098,0.015733740727894095,0.010356025009093533,0.009696173008225518
178.116,0.0060509566952982085,0.01775515501251823,0.011118895378796904,0.015676814149384002,0.010351791500788363,0.009696173008225518
176.889,0.0069714327621029646,0.017674804899654152,0.011098917304957311,0.015620638703447879,0.010347594907700002,0.009696173008225518
175.662,0.007891908828907722,0.017595724268305715,0.011079385682245778,0.015565246410847756,0.010343438191663215,0.009696173008225518
174.435,0.009714719656939552,0.017517881039196007,0.011060283335767022,0.015510622867171121,0.0103393208527089,0.009696173008225518
173.208,0.011537484557615491,0.017441244660142925,0.011041594282292108,0.015456753995680991,0.010335242398620862,0.009696173008225518
171.981,0.01350932965551966,0.017365785983324958,0.011023303616516553,0.015403626038466336,0.010331202344793105,0.009696173008225518
170.754,0.015481174753423832,0.01729147715426292,0.011005397408755483,0.015351225547868325,0.010327200214090148,0.009696173008225518
169.527,0.01629289484147429,0.017218291511447565,0.010987862613015617,0.015299539378172687,0.0103232355367103,0.009696173008225518
168.3,0.017104569002168852,0.017146203495624627,0.010970686984464996,0.015248554677558843,0.010319307850051824,0.009696173008225518
167.074,0.017158946991546003,0.01707524601424127,0.010953872581570247,0.015198299594021244,0.010315419855100816,0.009696173008225518
165.847,0.01721332498092315,0.01700527973575655,0.010937381124812632,0.015148679866397235,0.01031156476099772,0.009696173008225518
164.62,0.01791224748290074,0.01693634025729714,0.010921216213080082,0.015099724748596763,0.01030774531207133,0.009696173008225518
163.393,0.018611169984878325,0.016868405683622967,0.010905368138361175,0.015051422488481497,0.010303961073231333,0.009696173008225518
162.166,0.020461123880242838,0.016801454883692543,0.01088982769307692,0.015003761591107414,0.010300211615959244,0.009696173008225518
160.939,0.022311123702963242,0.01673546744119761,0.010874586127420455,0.014956730812037682,0.010296496518190514,0.009696173008225518
